qid	fact	fact_relevance	sum_pos_sentence_extraction_annotation	dbp_relation	subj_rel	obj_rel							
201	201:Reuters:org:country_of_headquarters:United_Kingdom	0	1	dbpediaowl:location 	0	1
201	201:Apple_Inc.:org:founded_by:Steve_Wozniak	0	3	dbpediaowl:foundedBy 	0	null
201	201:Eben_Upton:per:origin:Cambridge,_New_Hampshire	0	2	null	1	1
201	201:Fred_Upton:per:statesorprovinces_of_residence:Michigan	0	2	dbpediaowl:region 	null	0
201	201:Harriet_Green:per:employee_or_member_of:Premier_Farnell	0	18	null	null	1
201	201:Department_for_Business,_Innovation_and_Skills:org:country_of_headquarters:United_Kingdom	0	1	null	null	1
201	201:University_of_Kent:org:country_of_headquarters:United_Kingdom	0	1	null	null	1
201	201:Alex_Evans_(video_game_developer):per:employee_or_member_of:Media_Molecule	0	2	null	null	null
201	201:Thorsten_Heins:per:employee_or_member_of:Siemens	0	2	null	null	null
201	201:Seneca_College:org:country_of_headquarters:Canada	1	1	dbpediaowl:country 	1	0
201	201:Eben_Upton:per:employee_or_member_of:Raspberry_Pi_Foundation	1	79	dbpediaowl:foundedBy 	1	1
201	201:Raspberry_Pi_Foundation:org:founded_by:Eben_Upton	1	15	dbpediaowl:foundedBy 	1	1
201	201:Eben_Upton:per:employee_or_member_of:University_of_Cambridge	1	7	dbpediaowl:almaMater 	1	1
201	201:Eben_Upton:per:employee_or_member_of:Broadcom	1	2	null	1	1
201	201:Premier_Farnell:org:stateorprovince_of_headquarters:England	1	1	null	1	1
201	201:University_of_Cambridge:org:country_of_headquarters:United_Kingdom	1	1	dbpediaowl:country 	1	1
201	201:David_Braben:per:employee_or_member_of:Frontier_Developments	1	1	dbpediaowl:foundedBy 	1	null
201	201:University_of_Cambridge:org:subsidiaries:Computer_Laboratory,_University_of_Cambridge	1	1	null	1	null
201	201:Electrocomponents:org:country_of_headquarters:United_Kingdom	1	1	null	null	1
202	202:Barack_Obama:per:spouse:Michelle_Obama	0	5	null	0	0
202	202:United_States_Seventh_Fleet:org:parents:United_States_Pacific_Fleet	0	2	dbpediaowl:commandStructure 	0	null
202	202:United_States_Navy:org:subsidiaries:Blue_Angels	0	6	dbpediaowl:militaryBranch 	1	null
202	202:United_States_Navy:org:subsidiaries:VF-84	0	4	dbpediaowl:militaryBranch 	1	null
202	202:United_States_Navy:org:subsidiaries:VFA-31	0	4	null	1	null
202	202:Bruce_W._Clingan:per:origin:Lafayette,_Louisiana	0	2	null	1	null
202	202:Saxby_Chambliss:per:origin:Georgia_(U.S._state)	0	3	null	null	0
202	202:Gerald_Ford:per:employee_or_member_of:United_States_House_of_Representatives	0	2	null	null	0
202	202:Harry_K._Thomas,_Jr.:per:origin:United_States	0	2	null	null	0
202	202:Jim_Webb:per:origin:Virginia	0	2	null	null	0
202	202:John_C._Stennis:per:employee_or_member_of:Democratic_Party_(United_States)	0	2	null	null	0
202	202:John_C._Stennis:per:origin:Mississippi	0	2	null	null	0
202	202:John_C._Stennis:per:statesorprovinces_of_residence:Washington_(state)	0	2	null	null	0
202	202:Laurel_Clark:per:employee_or_member_of:NASA	0	2	dbpediaowl:type 	null	0
202	202:Leon_Panetta:per:employee_or_member_of:Central_Intelligence_Agency	0	2	null	null	0
202	202:Sam_Nunn:per:employee_or_member_of:United_States_Senate	0	2	null	null	0
202	202:John_C._Stennis:per:cities_of_residence:San_Diego	0	3	null	null	1
202	202:John_Paul_Jones:per:cities_of_residence:San_Diego	0	2	null	null	1
202	202:Harry_S._Truman:per:cities_of_residence:Norfolk_Naval_Shipyard	0	8	null	null	null
202	202:Robert_F._Willard:per:schools_attended:United_States_Naval_Academy	0	7	null	null	null
202	202:Gary_Roughead:per:schools_attended:United_States_Naval_Academy	0	6	null	null	null
202	202:Osama_bin_Laden:per:countries_of_residence:Pakistan	0	6	dbpediaowl:deathPlace 	null	null
202	202:United_States_Army:org:subsidiaries:82nd_Airborne_Division	0	6	dbpediaowl:militaryBranch 	null	null
202	202:John_C._Stennis:per:cities_of_residence:Bremerton,_Washington	0	3	null	null	null
202	202:Maya_Moore:per:schools_attended:United_States_Naval_Academy	0	3	null	null	null
202	202:Air_University_(United_States_Air_Force):org:subsidiaries:Air_War_College	0	2	null	null	null
202	202:Asma_al-Assad:per:spouse:Bashar_al-Assad	0	2	dbpediaowl:spouse dbpediaowl:spouse 	null	null
202	202:Barry_Zito:per:employee_or_member_of:San_Francisco_Giants	0	2	dbpediaowl:team 	null	null
202	202:David_C._Nichols:per:employee_or_member_of:United_States_Naval_Forces_Central_Command	0	2	null	null	null
202	202:Douglas_M._Fraser:per:employee_or_member_of:United_States_Southern_Command	0	2	null	null	null
202	202:Gerald_R._Beaman:per:employee_or_member_of:United_States_Third_Fleet	0	2	null	null	null
202	202:Gisele_BÃ¼ndchen:per:spouse:Tom_Brady	0	2	null	null	null
202	202:Jake_Tapper:per:employee_or_member_of:ABC_News	0	2	null	null	null
202	202:John_C._Stennis:per:cities_of_residence:Naval_Air_Station_North_Island	0	2	null	null	null
202	202:John_Harvey_(Royal_Navy_captain):per:employee_or_member_of:United_States_Fleet_Forces_Command	0	2	null	null	null
202	202:John_Paul_Jones:per:cities_of_residence:Naval_Base_San_Diego	0	2	null	null	null
202	202:Josh_Hamilton:per:employee_or_member_of:Texas_Rangers_(baseball)	0	2	null	null	null
202	202:Kansas_Air_National_Guard:org:subsidiaries:190th_Air_Refueling_Wing	0	2	dbpediaowl:commandStructure 	null	null
202	202:Margaret_D._Klein:per:employee_or_member_of:Naval_Network_Warfare_Command	0	2	null	null	null
202	202:Richard_O'Kane:per:origin:Dover,_New_Hampshire	0	2	null	null	null
202	202:Robert_F._Willard:per:schools_attended:Old_Dominion_University	0	2	null	null	null
202	202:Royal_Navy:org:subsidiaries:Fleet_Air_Arm	0	2	null	null	null
202	202:Carl_Vinson:per:employee_or_member_of:United_States_House_of_Representatives	1	13	null	1	0
202	202:Carl_Vinson:per:origin:United_States	1	8	null	1	0
202	202:United_States_Navy:org:subsidiaries:VF-111	1	3	dbpediaowl:militaryBranch 	1	0
202	202:Carl_Vinson:per:origin:Georgia_(U.S._state)	1	2	null	1	0
202	202:Carrier_Strike_Group_One:org:country_of_headquarters:United_States	1	1	null	1	0
202	202:United_States_Marine_Corps:org:country_of_headquarters:United_States	1	1	dbpediaowl:country 	1	0
202	202:United_States_Navy:org:country_of_headquarters:United_States	1	1	dbpediaowl:country 	1	0
202	202:Carl_Vinson:per:cities_of_residence:Naval_Station_Norfolk	1	4	null	1	1
202	202:Carl_Vinson:per:employee_or_member_of:United_States_Navy	1	1	null	1	1
202	202:United_States_Navy:org:subsidiaries:Carrier_Strike_Group_One	1	1	null	1	1
202	202:Carl_Vinson:per:origin:Baldwin_County,_Georgia	1	3	null	1	null
202	202:Carl_Vinson:per:schools_attended:Mercer_University	1	3	dbpediaowl:almaMater 	1	null
202	202:United_States_Navy:org:parents:United_States_Department_of_Defense	1	3	null	1	null
202	202:Carl_Vinson:per:cities_of_residence:Naval_Air_Station_North_Island	1	2	null	1	null
202	202:United_States_Navy:org:subsidiaries:United_States_Fifth_Fleet	1	2	dbpediaowl:militaryBranch 	1	null
202	202:United_States_Navy:org:subsidiaries:United_States_Pacific_Fleet	1	2	dbpediaowl:militaryBranch 	1	null
202	202:VFA-113:org:country_of_headquarters:United_States	1	1	dbpediaowl:country 	null	0
202	202:VMFA-323:org:country_of_headquarters:United_States	1	1	dbpediaowl:country 	null	0
202	202:John_Y._Mason:per:employee_or_member_of:United_States_Navy	1	2	null	null	1
202	202:VAW-113:org:city_of_headquarters:San_Diego	1	1	null	null	1
202	202:Osama_bin_Laden:per:cities_of_residence:Abbottabad	1	10	dbpediaowl:deathPlace 	null	null
202	202:Gary_Roughead:per:employee_or_member_of:United_States_Naval_Academy	1	2	null	null	null
202	202:Gerald_Ford:per:employee_or_member_of:United_States_Navy_Reserve	1	2	null	null	null
202	202:Samuel_J._Locklear:per:schools_attended:United_States_Naval_Academy	1	2	null	null	null
205	205:Barack_Obama:per:spouse:Michelle_Obama	0	6	null	0	0
205	205:Michelle_Obama:per:spouse:Barack_Obama	0	3	null	0	0
205	205:AstraZeneca:org:country_of_headquarters:United_Kingdom	0	1	null	0	1
205	205:Joe_Biden:per:spouse:Jill_Biden	0	2	dbpediaowl:spouse dbpediaowl:spouse 	0	null
205	205:Internal_Revenue_Service:org:country_of_headquarters:United_States	0	1	null	1	0
205	205:Chuck_Grassley:per:employee_or_member_of:Republican_Party_(United_States)	0	10	null	null	0
205	205:John_R._Bolton:per:origin:United_States	0	4	null	null	0
205	205:Liam_Gallagher:per:employee_or_member_of:Oasis_(band)	0	3	null	null	0
205	205:Chuck_Grassley:per:origin:Iowa	0	2	null	null	0
205	205:Chuck_Schumer:per:cities_of_residence:New_York_City	0	2	dbpediaowl:birthPlace 	null	0
205	205:Earl_Pomeroy:per:employee_or_member_of:Democratic_Party_(United_States)	0	2	null	null	0
205	205:Phil_Knight:per:employee_or_member_of:Nike,_Inc.	0	2	null	null	0
205	205:American_Association_(19th_century):org:country_of_headquarters:United_States	0	1	null	null	0
205	205:Bell_Canada:org:country_of_headquarters:Canada	0	1	dbpediaowl:location 	null	0
205	205:Boston_Scientific:org:country_of_headquarters:United_States	0	1	dbpediaowl:location 	null	0
205	205:Canada_Council:org:country_of_headquarters:Canada	0	1	dbpediaowl:type dbpediaowl:regionServed 	null	0
205	205:Arthur_C._Brooks:per:employee_or_member_of:Syracuse_University	0	8	dbpediaowl:institution 	null	null
205	205:Demi_Moore:per:spouse:Ashton_Kutcher	0	6	dbpediaowl:spouse 	null	null
205	205:Eunice_Kennedy_Shriver:per:employee_or_member_of:Special_Olympics	0	5	dbpediaowl:foundedBy 	null	null
205	205:Jeffrey_Sachs:per:employee_or_member_of:Columbia_University	0	4	dbpediaowl:institution 	null	null
205	205:Terrance_Odean:per:employee_or_member_of:University_of_California	0	4	null	null	null
205	205:JJ_Ramberg:per:employee_or_member_of:MSNBC	0	3	null	null	null
205	205:Edward_Castronova:per:employee_or_member_of:Indiana_University	0	2	null	null	null
205	205:Jeremy_Siegel:per:employee_or_member_of:Wharton_School_of_the_University_of_Pennsylvania	0	2	null	null	null
205	205:Nancy_Cartwright:per:cities_of_residence:Northridge,_Los_Angeles	0	2	null	null	null
205	205:Olivia_Harrison:per:spouse:George_Harrison	0	2	dbpediaowl:spouse 	null	null
205	205:Peter_R._Orszag:per:employee_or_member_of:Brookings_Institution	0	2	null	null	null
205	205:Richard_Mouw:per:employee_or_member_of:Fuller_Theological_Seminary	0	2	null	null	null
205	205:Ron_Reagan:per:parents:Ronald_Reagan	0	2	dbpediaowl:parent dbpediaowl:child 	null	null
205	205:University_of_Michigan:org:subsidiaries:Ross_School_of_Business	0	2	dbpediaowl:affiliation 	null	null
205	205:American_Red_Cross:org:country_of_headquarters:United_States	1	1	null	1	0
205	205:Action_on_Smoking_and_Health:org:country_of_headquarters:United_States	1	1	null	null	0
205	205:Bank_of_America:org:country_of_headquarters:United_States	1	1	null	null	0
205	205:Bank_of_America_Merrill_Lynch:org:country_of_headquarters:United_States	1	1	dbpediaowl:location 	null	0
205	205:Bank_of_Montreal:org:country_of_headquarters:Canada	1	1	dbpediaowl:location dbpediaowl:foundationPlace 	null	0
205	205:Big_Brothers_Big_Sisters_of_America:org:country_of_headquarters:United_States	1	1	dbpediaowl:location 	null	0
205	205:Bristol-Myers_Squibb:org:country_of_headquarters:United_States	1	1	null	null	0
205	205:Gail_J._McGovern:per:employee_or_member_of:American_Red_Cross	1	2	null	null	1
205	205:Campaign_for_Better_Transport_(United_Kingdom):org:country_of_headquarters:United_Kingdom	1	1	null	null	1
205	205:Barbara_Davis:per:spouse:Marvin_Davis	1	12	dbpediaowl:spouse dbpediaowl:spouse 	null	null
205	205:John_T._Walton:per:parents:Sam_Walton	1	2	null	null	null
205	205:Josephine_Louise_Newcomb:per:employee_or_member_of:H._Sophie_Newcomb_Memorial_College	1	2	null	null	null
205	205:The_Giving_Pledge:org:founded_by:Bill_Gates	1	2	null	null	null
205	205:Toms_Shoes:org:founded_by:Blake_Mycoskie	1	2	dbpediaowl:foundedBy dbpediaowl:keyPerson dbpediaowl:occupation 	null	null
206	206:Barack_Obama:per:countries_of_residence:United_States	0	1	null	0	0
206	206:Byron_Dorgan:per:employee_or_member_of:Democratic_Party_(United_States)	0	2	null	null	0
206	206:Jeff_Bingaman:per:origin:New_Mexico	0	2	null	null	0
206	206:Michael_Bennet:per:origin:Colorado	0	2	dbpediaowl:residence 	null	0
206	206:John_Kerry:per:origin:Massachusetts	0	2	dbpediaowl:region 	null	1
206	206:Bloomberg_L.P.:org:country_of_headquarters:China	0	1	null	null	1
206	206:Ted_Kennedy:per:cities_of_residence:Nantucket	0	3	null	null	null
206	206:David_Cameron:per:employee_or_member_of:BP	0	2	null	null	null
206	206:Lester_R._Brown:per:employee_or_member_of:Earth_Policy_Institute	0	2	dbpediaowl:foundedBy 	null	null
206	206:United_States_Department_of_Energy:org:subsidiaries:Energy_Information_Administration	1	2	dbpediaowl:parentOrganisation 	0	null
206	206:Vestas:org:country_of_headquarters:United_Kingdom	1	1	null	1	1
206	206:Dale_Vince:per:origin:Great_Britain	1	2	null	null	0
206	206:Acciona:org:country_of_headquarters:United_States	1	1	null	null	0
206	206:American_Bird_Conservancy:org:country_of_headquarters:United_States	1	1	null	null	0
206	206:Deval_Patrick:per:origin:Massachusetts	1	2	null	null	1
206	206:Deval_Patrick:per:statesorprovinces_of_residence:Massachusetts	1	2	null	null	1
206	206:Bonneville_Power_Administration:org:country_of_headquarters:United_Kingdom	1	1	null	null	1
206	206:Carbon_Trust:org:country_of_headquarters:United_Kingdom	1	1	null	null	1
206	206:Dale_Vince:per:employee_or_member_of:Ecotricity	1	4	dbpediaowl:keyPerson 	null	null
206	206:Joseph_T._Kelliher:per:employee_or_member_of:Federal_Energy_Regulatory_Commission	1	3	null	null	null
206	206:Southern_California_Edison:org:parents:Edison_International	1	3	dbpediaowl:parentCompany dbpediaowl:subsidiary 	null	null
206	206:Li_Junfeng:per:employee_or_member_of:National_Development_and_Reform_Commission	1	2	null	null	null
208	208:Leo_Tolstoy:per:cities_of_residence:Moscow	0	2	null	0	1
208	208:BBC:org:country_of_headquarters:United_Kingdom	0	1	null	0	1
208	208:Jean_Michel_Jarre:per:parents:Maurice_Jarre	0	1	null	0	1
208	208:Leo_Tolstoy:per:countries_of_residence:Russia	0	1	null	0	1
208	208:T._E._Lawrence:per:countries_of_residence:England	0	1	dbpediaowl:deathPlace 	0	1
208	208:John_Huston:per:parents:Walter_Huston	0	4	dbpediaowl:child 	0	null
208	208:Maurice_Jarre:per:children:Jean_Michel_Jarre	0	3	null	1	0
208	208:Leonid_Pasternak:per:cities_of_residence:Moscow	0	4	null	1	1
208	208:Leonid_Pasternak:per:city_of_birth:Moscow	0	1	null	1	1
208	208:Leonid_Pasternak:per:countries_of_residence:Germany	0	1	null	1	1
208	208:Robert_Bolt:per:spouse:Sarah_Miles	0	3	dbpediaowl:spouse 	1	null
208	208:Joseph_Stalin:per:origin:Georgia_(country)	0	2	null	1	null
208	208:Olga_Ivinskaya:per:statesorprovinces_of_residence:Siberia	0	2	null	1	null
208	208:David_Lean:per:spouse:Ann_Todd	0	1	dbpediaowl:spouse 	1	null
208	208:Leonid_Pasternak:per:city_of_death:Oxford	0	1	null	1	null
208	208:Glenn_Strange:per:origin:United_States	0	4	dbpediaowl:birthPlace 	null	0
208	208:Houston_Nutt:per:origin:Arkansas	0	3	null	null	1
208	208:Carl_Foreman:per:countries_of_residence:England	0	2	null	null	1
208	208:BBC_One:org:country_of_headquarters:United_Kingdom	0	1	dbpediaowl:country dbpediaowl:locationCountry 	null	1
208	208:Bolsheviks:org:country_of_headquarters:Russia	0	1	null	null	1
208	208:Elizabeth_II:per:countries_of_residence:England	0	1	null	null	1
208	208:Elizabeth_II:per:country_of_birth:England	0	1	null	null	1
208	208:Elizabeth_II:per:origin:England	0	1	null	null	1
208	208:Mark_Gatiss:per:country_of_birth:England	0	1	null	null	1
208	208:Michael_Reeves:per:country_of_birth:England	0	1	null	null	1
208	208:Red_Army:org:country_of_headquarters:Russia	0	1	null	null	1
208	208:UCL_School_of_Slavonic_and_East_European_Studies:org:country_of_headquarters:United_Kingdom	0	1	dbpediaowl:country 	null	1
208	208:University_College_London:org:country_of_headquarters:United_Kingdom	0	1	null	null	1
208	208:Vladimir_Lenin:per:countries_of_residence:Russia	0	1	null	null	1
208	208:Vladimir_Lenin:per:country_of_birth:Russia	0	1	null	null	1
208	208:Carlo_Ponti:per:spouse:Sophia_Loren	0	3	dbpediaowl:spouse dbpediaowl:spouse 	null	null
208	208:Commodus:per:parents:Marcus_Aurelius	0	3	dbpediaowl:predecessor dbpediaowl:parent dbpediaowl:successor 	null	null
208	208:Geraldine_Chaplin:per:parents:Charlie_Chaplin	1	6	dbpediaowl:parent 	1	0
208	208:Maurice_Jarre:per:cities_of_residence:Los_Angeles	1	2	dbpediaowl:deathPlace 	1	0
208	208:Omar_Sharif:per:cities_of_residence:Hollywood	1	2	null	1	0
208	208:Boris_Pasternak:per:parents:Leonid_Pasternak	1	20	null	1	1
208	208:Boris_Pasternak:per:cities_of_residence:Moscow	1	19	dbpediaowl:birthPlace 	1	1
208	208:Boris_Pasternak:per:origin:Moscow	1	10	dbpediaowl:birthPlace 	1	1
208	208:Maurice_Jarre:per:origin:France	1	4	dbpediaowl:birthPlace 	1	1
208	208:Boris_Pasternak:per:origin:Russia	1	3	null	1	1
208	208:Boris_Pasternak:per:origin:Soviet_Union	1	3	dbpediaowl:deathPlace 	1	1
208	208:David_Lean:per:cities_of_residence:London	1	2	dbpediaowl:deathPlace 	1	1
208	208:Yuri_Zhivago:per:countries_of_residence:Russia	1	2	null	1	1
208	208:Alec_Guinness:per:countries_of_residence:United_Kingdom	1	1	null	1	1
208	208:Alec_Guinness:per:country_of_birth:England	1	1	dbpediaowl:deathPlace dbpediaowl:birthPlace 	1	1
208	208:Boris_Pasternak:per:city_of_birth:Moscow	1	1	dbpediaowl:birthPlace 	1	1
208	208:David_Lean:per:city_of_death:London	1	1	dbpediaowl:deathPlace 	1	1
208	208:David_Lean:per:countries_of_residence:England	1	1	dbpediaowl:deathPlace dbpediaowl:birthPlace 	1	1
208	208:David_Lean:per:countries_of_residence:United_Kingdom	1	1	null	1	1
208	208:David_Lean:per:origin:United_Kingdom	1	1	null	1	1
208	208:Freddie_Young:per:origin:United_Kingdom	1	1	null	1	1
208	208:Julie_Christie:per:statesorprovinces_of_residence:West_Coast_of_the_United_States	1	1	null	1	1
208	208:Leonid_Pasternak:per:children:Boris_Pasternak	1	1	null	1	1
208	208:Boris_Pasternak:per:cities_of_residence:Peredelkino	1	10	dbpediaowl:deathPlace 	1	null
208	208:Omar_Sharif:per:cities_of_residence:Alexandria	1	5	dbpediaowl:birthPlace 	1	null
208	208:Maurice_Jarre:per:cities_of_residence:Lyon	1	4	dbpediaowl:birthPlace 	1	null
208	208:Omar_Sharif:per:countries_of_residence:Egypt	1	3	dbpediaowl:birthPlace 	1	null
208	208:Robert_Bolt:per:cities_of_residence:Manchester	1	3	null	1	null
208	208:Omar_Sharif:per:cities_of_residence:Cairo	1	2	null	1	null
208	208:Omar_Sharif:per:origin:Alexandria	1	2	dbpediaowl:birthPlace 	1	null
208	208:Robert_Bolt:per:origin:Manchester	1	2	null	1	null
208	208:Boris_Pasternak:per:schools_attended:Moscow_Conservatory	1	1	null	1	null
208	208:Boris_Pasternak:per:schools_attended:Moscow_State_University	1	1	null	1	null
208	208:David_Lean:per:city_of_birth:Croydon	1	1	dbpediaowl:birthPlace 	1	null
208	208:David_Lean:per:employee_or_member_of:Directors_Guild_of_America	1	1	null	1	null
208	208:Maurice_Jarre:per:city_of_birth:Lyon	1	1	dbpediaowl:birthPlace 	1	null
208	208:Maurice_Jarre:per:schools_attended:Conservatoire_de_Paris	1	1	null	1	null
208	208:Omar_Sharif:per:city_of_birth:Alexandria	1	1	dbpediaowl:birthPlace 	1	null
208	208:Omar_Sharif:per:spouse:Faten_Hamama	1	1	dbpediaowl:spouse dbpediaowl:spouse 	1	null
208	208:Robert_Bolt:per:schools_attended:Manchester_Grammar_School	1	1	null	1	null
208	208:Howard_Terpning:per:cities_of_residence:Oak_Park,_Illinois	1	4	null	null	null
214	214:Mitt_Romney:per:statesorprovinces_of_residence:South_Carolina	0	2	null	0	0
214	214:John_Ensign:per:employee_or_member_of:Republican_Party_(United_States)	0	2	null	null	0
214	214:Martin_Feldstein:per:employee_or_member_of:Harvard_University	0	2	dbpediaowl:institution 	null	0
214	214:Peter_Roskam:per:origin:Illinois	0	2	dbpediaowl:region 	null	0
214	214:Sander_Levin:per:statesorprovinces_of_residence:Michigan	0	2	dbpediaowl:region 	null	0
214	214:Sheldon_Whitehouse:per:statesorprovinces_of_residence:Rhode_Island	0	2	null	null	0
214	214:Tom_Coburn:per:employee_or_member_of:Republican_Party_(United_States)	0	2	null	null	0
214	214:Tom_Coburn:per:statesorprovinces_of_residence:Oklahoma	0	2	dbpediaowl:region 	null	0
214	214:Warren_Buffett:per:employee_or_member_of:Berkshire_Hathaway	0	2	dbpediaowl:occupation dbpediaowl:keyPerson 	null	null
214	214:David_Rubenstein:per:employee_or_member_of:The_Carlyle_Group	0	2	dbpediaowl:keyPerson 	null	null
214	214:John_C._Bogle:per:employee_or_member_of:The_Vanguard_Group	0	2	dbpediaowl:keyPerson 	null	null
214	214:Marc_Andreessen:per:employee_or_member_of:Netscape	0	2	dbpediaowl:knownFor dbpediaowl:keyPerson 	null	null
214	214:Robert_J._Gordon:per:employee_or_member_of:New_York_University	0	2	null	null	null
214	214:Thomas_Rolfe:per:parents:John_Rolfe	0	2	dbpediaowl:parent dbpediaowl:child 	null	null
214	214:Thomas_Rolfe:per:parents:Pocahontas	0	2	dbpediaowl:parent dbpediaowl:child 	null	null
214	214:Chuck_Grassley:per:employee_or_member_of:United_States_Senate	1	2	null	null	0
214	214:Leonard_Burman:per:employee_or_member_of:Georgetown_University	1	2	null	null	null
214	214:Leonard_Burman:per:employee_or_member_of:Syracuse_University	1	2	null	null	null
214	214:Robert_McIntyre:per:employee_or_member_of:Citizens_for_Tax_Justice	1	2	null	null	null
214	214:Stephen_Moore_(economist):per:employee_or_member_of:Cato_Institute	1	2	null	null	null
216	216:Harry_Reid:per:statesorprovinces_of_residence:Nevada	0	4	dbpediaowl:birthPlace dbpediaowl:region dbpediaowl:residence 	null	0
216	216:Nicolas_Cage:per:origin:United_States	1	36	dbpediaowl:birthPlace 	1	0
216	216:Nicolas_Cage:per:spouse:Christina_Fulton	1	10	dbpediaowl:child 	1	null
216	216:Nicolas_Cage:per:origin:Long_Beach,_California	1	6	null	1	null
216	216:Nicolas_Cage:per:schools_attended:Beverly_Hills_High_School	1	5	null	1	null
216	216:Francis_Ford_Coppola:per:other_family:Nicolas_Cage	1	6	null	null	1
216	216:Lisa_Marie_Presley:per:parents:Elvis_Presley	1	4	dbpediaowl:child 	null	null
220	220:Kobe_Bryant:per:origin:United_States	1	17	null	1	0
220	220:Dennis_Rodman:per:employee_or_member_of:National_Basketball_Association	1	20	null	1	1
220	220:Dwight_Howard:per:employee_or_member_of:Orlando_Magic	1	20	dbpediaowl:draftTeam 	1	1
220	220:LeBron_James:per:employee_or_member_of:Miami_Heat	1	20	dbpediaowl:team 	1	1
220	220:Magic_Johnson:per:employee_or_member_of:Los_Angeles_Lakers	1	20	null	1	1
220	220:Wilt_Chamberlain:per:employee_or_member_of:National_Basketball_Association	1	19	null	1	1
220	220:Houston_Rockets:org:member_of:National_Basketball_Association	1	18	null	1	1
220	220:Jerry_West:per:employee_or_member_of:National_Basketball_Association	1	14	null	1	1
220	220:Dirk_Nowitzki:per:employee_or_member_of:Dallas_Mavericks	1	19	dbpediaowl:team 	null	1
220	220:David_Robinson_(basketball):per:employee_or_member_of:San_Antonio_Spurs	1	18	null	null	1
220	220:Karl_Malone:per:employee_or_member_of:National_Basketball_Association	1	18	null	null	1
220	220:Kevin_Love:per:employee_or_member_of:Minnesota_Timberwolves	1	18	dbpediaowl:team 	null	null
223	223:Amazon.com:org:country_of_headquarters:Central_America	0	1	null	0	0
223	223:Ann_Veneman:per:employee_or_member_of:United_States_Department_of_Agriculture	0	1	null	0	1
223	223:United_States_Department_of_Agriculture:org:subsidiaries:Natural_Resources_Conservation_Service	0	2	dbpediaowl:parentOrganisation 	1	null
223	223:National_Institutes_of_Health:org:city_of_headquarters:Bethesda,_Maryland	0	1	null	1	null
223	223:Jimmy_Moore_(author):per:statesorprovinces_of_residence:South_Carolina	0	2	null	null	0
223	223:Michael_R._Taylor:per:employee_or_member_of:Food_and_Drug_Administration	0	1	dbpediaowl:occupation 	null	0
223	223:Cal_Dooley:per:statesorprovinces_of_residence:California	0	2	dbpediaowl:region 	null	1
223	223:Mike_Leavitt:per:employee_or_member_of:United_States_Department_of_Health_and_Human_Services	0	1	null	null	1
223	223:Tommy_Thompson:per:employee_or_member_of:United_States_Department_of_Health_and_Human_Services	0	1	null	null	1
223	223:Michael_Pollan:per:employee_or_member_of:University_of_California,_Berkeley	0	2	null	null	null
223	223:Giacomo_Biffi:per:cities_of_residence:Bologna	0	2	null	null	null
223	223:Gerber_Products_Company:org:parents:NestlÃ©	0	2	dbpediaowl:parentCompany 	null	null
223	223:David_J._Jenkins:per:employee_or_member_of:University_of_Toronto	0	2	null	null	null
223	223:Food_and_Drug_Administration:org:country_of_headquarters:United_States	1	1	null	0	0
223	223:Food_and_Drug_Administration:org:parents:United_States_Department_of_Health_and_Human_Services	1	2	dbpediaowl:parentOrganisation 	0	1
223	223:Tom_Vilsack:per:employee_or_member_of:United_States_Department_of_Agriculture	1	2	dbpediaowl:leader 	0	1
223	223:Food_Safety_and_Inspection_Service:org:parents:United_States_Department_of_Agriculture	1	1	null	0	1
223	223:Food_and_Drug_Administration:org:subsidiaries:Center_for_Food_Safety_and_Applied_Nutrition	1	1	dbpediaowl:childOrganisation dbpediaowl:parentOrganisation 	0	null
223	223:United_States_Department_of_Agriculture:org:subsidiaries:Food_and_Nutrition_Service	1	2	dbpediaowl:parentOrganisation 	1	0
223	223:Walter_Willett:per:employee_or_member_of:Harvard_Medical_School	1	2	null	1	0
223	223:Walter_Willett:per:employee_or_member_of:Harvard_University	1	2	null	1	0
223	223:Academy_of_Nutrition_and_Dietetics:org:city_of_headquarters:Chicago	1	1	dbpediaowl:headquarter 	1	0
223	223:Centers_for_Disease_Control_and_Prevention:org:country_of_headquarters:United_States	1	1	null	1	0
223	223:United_States_Department_of_Agriculture:org:country_of_headquarters:United_States	1	1	null	1	0
223	223:Eric_Hentges:per:employee_or_member_of:United_States_Department_of_Agriculture	1	2	null	1	1
223	223:Marion_Nestle:per:employee_or_member_of:New_York_University	1	2	null	1	null
223	223:United_States_Department_of_Agriculture:org:subsidiaries:National_Agricultural_Statistics_Service	1	2	null	1	null
223	223:United_States_Department_of_Agriculture:org:subsidiaries:United_States_National_Agricultural_Library	1	2	null	1	null
223	223:United_States_Department_of_Agriculture:org:founded_by:Abraham_Lincoln	1	1	null	1	null
223	223:United_States_National_Agricultural_Library:org:parents:United_States_Department_of_Agriculture	1	2	null	null	1
228	228:National_Park_Service:org:country_of_headquarters:United_States	0	1	null	0	0
228	228:United_States_Congress:org:country_of_headquarters:United_States	0	1	dbpediaowl:location 	0	0
228	228:EBay:org:founded_by:Pierre_Omidyar	0	3	dbpediaowl:foundedBy dbpediaowl:keyPerson dbpediaowl:occupation 	0	null
228	228:Thomas_Jaggar:per:cities_of_residence:Boston	0	1	null	1	0
228	228:Christopher_G._Newhall:per:countries_of_residence:United_States	0	1	null	null	0
228	228:Christopher_G._Newhall:per:origin:United_States	0	1	null	null	0
228	228:Federal_Aviation_Administration:org:country_of_headquarters:United_States	0	1	null	null	0
228	228:Federal_Emergency_Management_Agency:org:country_of_headquarters:United_States	0	1	null	null	0
228	228:Hawaiian_Airlines:org:country_of_headquarters:United_States	0	1	null	null	0
228	228:National_Weather_Service:org:country_of_headquarters:United_States	0	1	null	null	0
228	228:United_States_Agency_for_International_Development:org:country_of_headquarters:United_States	0	1	null	null	0
228	228:Walmart:org:country_of_headquarters:United_States	0	1	null	null	0
228	228:14th_Dalai_Lama:per:statesorprovinces_of_residence:Tibet	0	4	dbpediaowl:birthPlace 	null	1
228	228:Ellison_Onizuka:per:statesorprovinces_of_residence:Hawaii	0	2	null	null	1
228	228:Neil_Abercrombie:per:statesorprovinces_of_residence:Hawaii	0	2	dbpediaowl:region 	null	1
228	228:Charles_Wilkes:per:cities_of_residence:Hilo,_Hawaii	0	1	null	null	1
228	228:Christopher_G._Newhall:per:employee_or_member_of:United_States_Geological_Survey	0	1	null	null	1
228	228:KLEI-TV:org:city_of_headquarters:Kailua,_Hawaii_County,_Hawaii	0	1	null	null	1
228	228:Lorrin_A._Thurston:per:other_family:Asa_and_Lucy_Goodale_Thurston	0	2	null	null	null
228	228:University_of_Hawaii_at_Manoa:org:stateorprovince_of_headquarters:Hawaii	0	1	dbpediaowl:state 	null	1
228	228:Kamehameha_I:per:origin:Kohala,_Hawaii	0	2	null	null	null
228	228:John_Macadam:per:employee_or_member_of:University_of_Melbourne	0	2	null	null	null
228	228:Giovanni_Battista_Lusieri:per:cities_of_residence:Rome	0	2	dbpediaowl:birthPlace 	null	null
228	228:Giovanni_Battista_Lusieri:per:cities_of_residence:Naples	0	2	null	null	null
228	228:Thomas_Jaggar:per:employee_or_member_of:Harvard_University	1	1	null	1	0
228	228:Alaska_Volcano_Observatory:org:parents:United_States_Geological_Survey	1	4	null	1	1
228	228:Thomas_Jaggar:per:stateorprovince_of_death:Hawaii	1	1	null	1	1
228	228:United_States_Geological_Survey:org:subsidiaries:Alaska_Volcano_Observatory	1	1	null	1	1
228	228:Thomas_Jaggar:per:employee_or_member_of:Massachusetts_Institute_of_Technology	1	10	null	1	null
228	228:Alaska_Volcano_Observatory:org:city_of_headquarters:Anchorage,_Alaska	1	1	null	1	null
228	228:Lorrin_A._Thurston:per:cities_of_residence:Honolulu	1	5	dbpediaowl:deathPlace dbpediaowl:birthPlace 	null	0
228	228:14th_Dalai_Lama:per:countries_of_residence:Tibet	1	4	dbpediaowl:birthPlace 	null	1
228	228:Gordon_P._Eaton:per:employee_or_member_of:United_States_Geological_Survey	1	1	null	null	1
228	228:University_of_Hawaii_at_Hilo:org:city_of_headquarters:Hilo,_Hawaii	1	1	null	null	1
234	234:Amano_Artisan_Chocolate:org:stateorprovince_of_headquarters:Utah	0	1	null	null	1
234	234:European_Commission:org:country_of_headquarters:Europe	1	1	null	0	0
234	234:Mayo_Clinic:org:city_of_headquarters:Minneapolis	1	1	null	0	null
234	234:Ghirardelli_Chocolate_Company:org:parents:Lindt_&_SprÃ¼ngli	1	1	null	1	null
234	234:Ritter_Sport:org:city_of_headquarters:Waldenbuch	1	1	dbpediaowl:locationCity 	null	null
234	234:National_Cancer_Institute:org:city_of_headquarters:Milan	1	1	null	null	null
242	242:Mayo_Clinic:org:stateorprovince_of_headquarters:Minnesota	0	1	dbpediaowl:locationCity dbpediaowl:foundationPlace 	0	0
242	242:Joseph_Murray:per:employee_or_member_of:Mayo_Clinic	0	1	null	null	0
242	242:Joseph_Murray:per:statesorprovinces_of_residence:Minnesota	0	1	null	null	0
242	242:Natural_Resources_Conservation_Service:org:country_of_headquarters:United_States	0	1	null	null	0
242	242:Gary_Paul_Nabhan:per:employee_or_member_of:Native_Seeds/SEARCH	0	1	null	null	null
242	242:Sage_Group:org:country_of_headquarters:United_Kingdom	0	1	dbpediaowl:locationCountry 	null	1
242	242:Food_and_Drug_Administration:org:parents:United_States_Department_of_Health_and_Human_Services	1	2	dbpediaowl:parentOrganisation 	0	1
242	242:Bob's_Red_Mill:org:stateorprovince_of_headquarters:Oregon	1	1	null	null	0
242	242:Native_Seeds/SEARCH:org:stateorprovince_of_headquarters:Arizona	1	1	null	null	1
250	250:Ford_Motor_Company:org:subsidiaries:Jaguar_Cars	0	1	null	0	null
250	250:Dan_Davis_(broadcaster):per:employee_or_member_of:Ford_Motor_Company	0	1	null	null	0
250	250:Volvo:org:country_of_headquarters:Sweden	0	1	null	null	0
250	250:Special_Vehicle_Team:org:city_of_headquarters:Detroit	0	1	null	null	null
250	250:Roger_Ailes:per:employee_or_member_of:Fox_News_Channel	0	1	dbpediaowl:occupation 	null	null
250	250:Roger_Ailes:per:employee_or_member_of:Fox_Broadcasting_Company	0	1	null	null	null
250	250:Henry_Ford:per:cities_of_residence:Detroit	0	1	dbpediaowl:birthPlace 	null	null
250	250:Pontiac:org:parents:General_Motors	0	2	dbpediaowl:parentCompany 	null	null
250	250:HSBC:org:city_of_headquarters:London	0	1	dbpediaowl:location 	null	1
250	250:Ford_Motor_Company:org:city_of_headquarters:Dearborn,_Michigan	1	1	null	0	null
250	250:Alan_Mulally:per:employee_or_member_of:Ford_Motor_Company	1	1	dbpediaowl:keyPerson 	null	0
251	251:Lowe's:org:stateorprovince_of_headquarters:Southwest_Florida	0	1	null	null	null
251	251:Under_Armour:org:country_of_headquarters:United_States	0	1	null	null	0
251	251:Donald_Duck:per:origin:Cooktown,_Queensland	0	2	null	null	null
251	251:Dennis_Miller:per:employee_or_member_of:Western_New_Mexico_University	0	2	null	null	null
251	251:Chemtura:org:stateorprovince_of_headquarters:Connecticut	0	1	null	null	1
251	251:Centers_for_Disease_Control_and_Prevention:org:stateorprovince_of_headquarters:Georgia_(U.S._state)	1	1	null	1	0
251	251:Western_New_Mexico_University:org:city_of_headquarters:Silver_City,_New_Mexico	1	1	null	null	null
251	251:University_of_New_South_Wales:org:stateorprovince_of_headquarters:New_South_Wales	1	1	dbpediaowl:state 	null	null
251	251:University_of_Michigan:org:city_of_headquarters:Ann_Arbor,_Michigan	1	1	null	null	null
251	251:University_of_Melbourne:org:stateorprovince_of_headquarters:New_South_Wales	1	1	null	null	null
251	251:Texas_Christian_University:org:city_of_headquarters:Fort_Worth,_Texas	1	1	null	null	null
251	251:Spectrum_Health:org:city_of_headquarters:Grand_Rapids,_Michigan	1	1	null	null	null
251	251:Ohio_State_University:org:city_of_headquarters:Columbus,_Ohio	1	1	null	null	null
251	251:New_Mexico_State_University:org:city_of_headquarters:Las_Cruces,_New_Mexico	1	1	null	null	null
251	251:McDaniel_College:org:city_of_headquarters:Westminster,_Maryland	1	1	null	null	null
251	251:Mayo_Medical_School:org:city_of_headquarters:Rochester,_Minnesota	1	1	null	null	null
251	251:Emory_University:org:city_of_headquarters:Atlanta	1	1	null	null	0
251	251:Mayo_Medical_School:org:stateorprovince_of_headquarters:Minnesota	1	1	null	null	0
251	251:Monash_University:org:country_of_headquarters:Australia	1	1	null	null	0
251	251:Monash_University:org:stateorprovince_of_headquarters:Victoria_(Australia)	1	1	null	null	0
251	251:Ohio_State_University:org:stateorprovince_of_headquarters:Ohio	1	1	dbpediaowl:state 	null	0
251	251:San_Antonio_Military_Medical_Center:org:stateorprovince_of_headquarters:Texas	1	1	null	null	0
251	251:University_of_California:org:country_of_headquarters:United_States	1	1	dbpediaowl:country 	null	0
251	251:University_of_Georgia:org:stateorprovince_of_headquarters:Georgia_(U.S._state)	1	1	null	null	0
251	251:University_of_Newcastle_(Australia):org:country_of_headquarters:Australia	1	1	null	null	0
251	251:Georgia_Southern_University:org:city_of_headquarters:Statesboro,_Georgia	1	1	null	null	null
251	251:Charles_Darwin_University:org:stateorprovince_of_headquarters:Northern_Territory	1	1	dbpediaowl:state 	null	null
251	251:Harvard_University_Press:org:stateorprovince_of_headquarters:Massachusetts	1	1	null	null	1
251	251:McDaniel_College:org:stateorprovince_of_headquarters:Maryland	1	1	null	null	1
251	251:University_of_California,_Riverside:org:stateorprovince_of_headquarters:Southern_California	1	1	null	null	1
251	251:University_of_California,_San_Diego:org:stateorprovince_of_headquarters:California	1	1	null	null	1
251	251:University_of_Oxford:org:country_of_headquarters:United_Kingdom	1	1	null	null	1
253	253:Sanlu_Group:org:city_of_headquarters:Shijiazhuang	0	1	dbpediaowl:locationCity 	null	null
253	253:McDaniel_College:org:city_of_headquarters:Westminster,_Maryland	0	1	null	null	null
253	253:Kaiser_Family_Foundation:org:country_of_headquarters:United_States	0	1	null	null	0
253	253:University_of_Manitoba:org:country_of_headquarters:Canada	0	1	dbpediaowl:country 	null	0
253	253:University_of_Southern_California:org:city_of_headquarters:Los_Angeles	0	1	null	null	0
253	253:Chris_Dodd:per:origin:Connecticut	0	2	dbpediaowl:birthPlace dbpediaowl:region 	null	1
253	253:Chris_Dodd:per:statesorprovinces_of_residence:Connecticut	0	2	dbpediaowl:birthPlace dbpediaowl:region 	null	1
253	253:McDaniel_College:org:stateorprovince_of_headquarters:Maryland	0	1	null	null	1
253	253:Queen_Mary_University_of_London:org:city_of_headquarters:London	0	1	dbpediaowl:city 	null	1
253	253:University_of_TÃ¼bingen:org:country_of_headquarters:Germany	0	1	null	null	1
253	253:American_Association_of_Oral_and_Maxillofacial_Surgeons:org:stateorprovince_of_headquarters:Illinois	1	1	null	null	0
268	268:Barack_Obama:per:countries_of_residence:United_States	0	2	null	0	0
268	268:Food_and_Nutrition_Service:org:parents:United_States_Department_of_Agriculture	0	2	dbpediaowl:parentOrganisation 	0	1
268	268:Abebe_Bikila:per:countries_of_residence:Ethiopia	0	4	dbpediaowl:deathPlace dbpediaowl:birthPlace 	0	null
268	268:Abebe_Bikila:per:origin:Ethiopia	0	4	dbpediaowl:deathPlace dbpediaowl:birthPlace 	0	null
268	268:Abebe_Bikila:per:country_of_birth:Ethiopia	0	1	dbpediaowl:deathPlace dbpediaowl:birthPlace 	0	null
268	268:Ryan_Hall_(runner):per:cities_of_residence:Mammoth_Lakes,_California	0	2	null	null	null
268	268:Josh_Duhamel:per:spouse:Fergie_(singer)	0	3	null	null	null
268	268:Sting_(musician):per:spouse:Trudie_Styler	0	5	null	null	null
268	268:Eric_Liddell:per:countries_of_residence:China	0	2	null	null	1
268	268:Jarrod_Shoemaker:per:origin:Massachusetts	0	2	null	null	1
268	268:Jarrod_Shoemaker:per:statesorprovinces_of_residence:Massachusetts	0	2	null	null	1
270	270:Barack_Obama:per:countries_of_residence:United_States	0	5	null	0	0
270	270:Larry_Ellison:per:countries_of_residence:United_States	0	2	null	0	0
270	270:Tian_Ji:per:origin:Qi_(state)	0	2	null	null	null
270	270:Larry_Ellison:per:employee_or_member_of:Oracle_Corporation	0	6	dbpediaowl:occupation dbpediaowl:foundedBy dbpediaowl:keyPerson 	0	null
270	270:Barack_Obama:per:employee_or_member_of:Illinois_Senate	0	2	null	0	null
270	270:United_States_Marine_Corps:org:country_of_headquarters:United_States	0	1	dbpediaowl:country 	1	0
270	270:United_States_Marine_Corps:org:stateorprovince_of_headquarters:Virginia	0	1	null	1	0
270	270:Paul_K._Van_Riper:per:employee_or_member_of:Marine_Corps_University	0	2	null	null	null
270	270:Mark_Hurd:per:employee_or_member_of:Hewlett-Packard	0	2	null	null	null
270	270:Emperor_Xuanzong_of_Tang:per:origin:Tang_dynasty	0	2	null	null	null
270	270:Central_Committee:per:employee_or_member_of:Communist_Party_of_China	0	2	null	null	null
270	270:George_S._Patton:per:schools_attended:Virginia_Military_Institute	0	3	null	null	null
270	270:Bill_Belichick:per:employee_or_member_of:New_England_Patriots	0	3	dbpediaowl:team dbpediaowl:coach dbpediaowl:generalManager 	null	null
270	270:Mark_Hurd:per:employee_or_member_of:Oracle_Corporation	0	5	dbpediaowl:keyPerson 	null	null
270	270:Carl_von_Clausewitz:per:origin:Kingdom_of_Prussia	0	2	null	1	null
270	270:Joseph_Nye:per:employee_or_member_of:Harvard_University	0	2	null	null	0
270	270:Milton_Bearden:per:employee_or_member_of:Central_Intelligence_Agency	0	2	null	null	0
270	270:Pang_Juan:per:statesorprovinces_of_residence:Wei_(state)	0	2	null	null	0
270	270:T?g?_Heihachir?:per:countries_of_residence:Japan	0	2	dbpediaowl:deathPlace dbpediaowl:birthPlace 	null	0
270	270:Sun_Yat-sen:per:statesorprovinces_of_residence:Hawaii	0	6	null	null	1
270	270:Lev_Navrozov:per:origin:Soviet_Union	0	2	null	null	1
270	270:Central_Committee:per:countries_of_residence:China	0	1	null	null	1
270	270:Central_Committee:per:origin:China	0	1	null	null	1
270	270:Chinese_University_of_Hong_Kong:org:country_of_headquarters:China	0	1	null	null	1
270	270:Confucius_Institute:org:country_of_headquarters:China	0	1	dbpediaowl:location 	null	1
270	270:Paul_K._Van_Riper:per:employee_or_member_of:United_States_Marine_Corps	0	1	dbpediaowl:militaryBranch 	null	1
270	270:People's_Liberation_Army:org:country_of_headquarters:China	0	1	null	null	1
270	270:Qin_Shi_Huang:per:countries_of_residence:China	0	1	dbpediaowl:deathPlace 	null	1
270	270:Qin_Shi_Huang:per:origin:China	0	1	dbpediaowl:deathPlace 	null	1
270	270:Thomas_Cleary:per:schools_attended:Harvard_University	1	6	null	1	0
270	270:Sun_Tzu:per:statesorprovinces_of_residence:Wu_(state)	1	3	null	1	0
270	270:Lionel_Giles:per:countries_of_residence:Great_Britain	1	2	null	1	0
270	270:Lionel_Giles:per:origin:Great_Britain	1	2	null	1	0
270	270:Sun_Tzu:per:origin:Wu_(state)	1	1	null	1	0
270	270:David_H._Li:per:origin:Ningbo	1	2	null	null	null
270	270:Sun_Tzu:per:countries_of_residence:China	1	9	null	1	1
270	270:Sun_Tzu:per:origin:China	1	5	null	1	1
270	270:Sun_Bin:per:other_family:Sun_Tzu	1	2	null	1	1
270	270:Lionel_Giles:per:countries_of_residence:China	1	1	null	1	1
270	270:Sun_Bin:per:children:Sun_Tzu	1	1	null	1	1
270	270:Sun_Tzu:per:country_of_death:China	1	1	null	1	1
270	270:Sun_Tzu:per:statesorprovinces_of_residence:Qi_(state)	1	6	null	1	null
270	270:Victor_H._Mair:per:employee_or_member_of:University_of_Pennsylvania	1	6	null	1	null
270	270:Sun_Tzu:per:origin:Qi_(state)	1	3	null	1	null
270	270:Sun_Tzu:per:stateorprovince_of_birth:Qi_(state)	1	1	null	1	null
270	270:King_HelÃ¼_of_Wu:per:statesorprovinces_of_residence:Wu_(state)	1	4	null	null	0
270	270:King_HelÃ¼_of_Wu:per:countries_of_residence:China	1	1	null	null	1
270	270:King_HelÃ¼_of_Wu:per:origin:China	1	1	null	null	1
